feature,importance
delivery_person_ratings,38.21222116496963
delivery_person_age,22.445636247963336
type_of_vehicle,9.310999572190553
manhattan_proxy_km,7.101839375383523
distance_bucket,3.8849421170439933
haversine_km,3.466483828537586
lon_diff_abs,2.6052894381890637
lat_diff_abs,2.251383529210632
rider_code,1.867360319129167
city,1.8638227574671384
restaurant_code,1.7004331223154385
type_of_order,1.2372522971874513
geo_valid,1.128090686607687
restaurant_longitude,0.8246368229690159
delivery_location_longitude,0.7352585729252452
